DB/TABLE|Send to Lake|PII (Y/N)|CDC Column|Lookup Ref|HardDeleteFlag|PartitionBy|NumPartitions|Rows|Note
EDW_ExternalData.dbo.LGREP_FTP_EXCEL_PRODUCT_SEGMENT|Y||Truncate and Load|TypeList|| |||Curation
EDW_ExternalData.dbo.LGREP_RS_YTC01X_AVGRES_HIST|Y||CYCLE_DTTM|Y||RID|||Curation
EDW_ExternalData.dbo.PLCY_FTP_EXCEL_ASL|Y||Truncate and Load|TypeList|| |||Curation
EDW_ExternalData.dbo.PLCY_FTP_EXCEL_AVGRESVEXCLCOVGWPC|Y||Truncate and Load|TypeList|| |||Curation
EDW_ExternalData.dbo.PLCY_FTP_EXCEL_GW_NAIC_MCO|Y||Truncate and Load|TypeList|| |||Curation
EDW_ExternalData.dbo.PLCY_FTP_EXCEL_MERGECOVGWPC|Y||Truncate and Load|TypeList|| |||Curation
EDW_ExternalData.dbo.PLCY_FTP_EXCEL_AVERAGERESERVEAMTS|Y||Truncate and Load|TypeList|| |||Curation
EDW_ExternalData.dbo.PLCY_FTP_EXCEL_PRODUCTSEGMENTATION|Y||Truncate and Load|TypeList|| |||Curation
EDW_ExternalData.dbo.PLCY_FTP_EXCEL_RPTG_GROUP|Y||Truncate and Load|TypeList|| |||Curation
EDW_ExternalData.dbo.PLCY_FTP_EXCEL_WEBXL_LOB|Y||Truncate and Load|TypeList|| |||
EDW_ExternalData.dbo.vACTUARIAL_FTP_EXCEL_PRIORCARRIER|Y||Truncate and Load|TypeList|| |||
EDW_ExternalData.dbo.vCLMS_FTP_EXCEL_ATHENIUM_ActionItem|Y||ETL_Load_Cycle_ID|Y||ETL_Load_Cycle_ID|||
EDW_ExternalData.dbo.vCLMS_FTP_EXCEL_ATHENIUM_Client|Y||ETL_Load_Cycle_ID|Y||ETL_Load_Cycle_ID|||
EDW_ExternalData.dbo.vCLMS_FTP_EXCEL_ATHENIUM_Dictionary|Y||ETL_Load_Cycle_ID|Y||ETL_Load_Cycle_ID|||
EDW_ExternalData.dbo.vCLMS_FTP_EXCEL_ATHENIUM_DictionaryDeleted|Y||ETL_Load_Cycle_ID|Y||ETL_Load_Cycle_ID|||
EDW_ExternalData.dbo.vCLMS_FTP_EXCEL_ATHENIUM_DictionarySchema|Y||ETL_Load_Cycle_ID|Y||ETL_Load_Cycle_ID|||
EDW_ExternalData.dbo.vCLMS_FTP_EXCEL_ATHENIUM_DictionarySchemaKeyTypeMap|Y||ETL_Load_Cycle_ID|Y||ETL_Load_Cycle_ID|||
EDW_ExternalData.dbo.vCLMS_FTP_EXCEL_ATHENIUM_DictionaryTaxonomy|Y||ETL_Load_Cycle_ID|Y||ETL_Load_Cycle_ID|||
EDW_ExternalData.dbo.vCLMS_FTP_EXCEL_ATHENIUM_DictionaryUser|Y||ETL_Load_Cycle_ID|Y||ETL_Load_Cycle_ID|||
EDW_ExternalData.dbo.vCLMS_FTP_EXCEL_ATHENIUM_DictionaryUserCutTypeResponsibleParty|Y||ETL_Load_Cycle_ID|Y||ETL_Load_Cycle_ID|||
EDW_ExternalData.dbo.vCLMS_FTP_EXCEL_ATHENIUM_DictionaryUserCutTypeTagResponsibleParty|Y||ETL_Load_Cycle_ID|Y||ETL_Load_Cycle_ID|||
EDW_ExternalData.dbo.vCLMS_FTP_EXCEL_ATHENIUM_DictionaryUserCutTypeTaxonomyResponsibleParty|Y||ETL_Load_Cycle_ID|Y||ETL_Load_Cycle_ID|||
EDW_ExternalData.dbo.vCLMS_FTP_EXCEL_ATHENIUM_DictionaryUserObject|Y||ETL_Load_Cycle_ID|Y||ETL_Load_Cycle_ID|||
EDW_ExternalData.dbo.vCLMS_FTP_EXCEL_ATHENIUM_DictionaryUserObjectType|Y||ETL_Load_Cycle_ID|Y||ETL_Load_Cycle_ID|||
EDW_ExternalData.dbo.vCLMS_FTP_EXCEL_ATHENIUM_DictionaryUserObjectTypeKey|Y||ETL_Load_Cycle_ID|Y||ETL_Load_Cycle_ID|||
EDW_ExternalData.dbo.vCLMS_FTP_EXCEL_ATHENIUM_DictionaryUserQuestion|Y||ETL_Load_Cycle_ID|Y||ETL_Load_Cycle_ID|||
EDW_ExternalData.dbo.vCLMS_FTP_EXCEL_ATHENIUM_DictionaryUserResponsibleParty|Y||ETL_Load_Cycle_ID|Y||ETL_Load_Cycle_ID|||
EDW_ExternalData.dbo.vCLMS_FTP_EXCEL_ATHENIUM_DictionaryUserSub|Y||ETL_Load_Cycle_ID|Y||ETL_Load_Cycle_ID|||
EDW_ExternalData.dbo.vCLMS_FTP_EXCEL_ATHENIUM_DictionaryUserTag|Y||ETL_Load_Cycle_ID|Y||ETL_Load_Cycle_ID|||
EDW_ExternalData.dbo.vCLMS_FTP_EXCEL_ATHENIUM_DictionaryUserTagResponsibleParty|Y||ETL_Load_Cycle_ID|Y||ETL_Load_Cycle_ID|||
EDW_ExternalData.dbo.vCLMS_FTP_EXCEL_ATHENIUM_DictionaryUserTaxonomy|Y||ETL_Load_Cycle_ID|Y||ETL_Load_Cycle_ID|||
EDW_ExternalData.dbo.vCLMS_FTP_EXCEL_ATHENIUM_DictionaryUserTaxonomyResponsibleParty|Y||ETL_Load_Cycle_ID|Y||ETL_Load_Cycle_ID|||
EDW_ExternalData.dbo.vCLMS_FTP_EXCEL_ATHENIUM_DictionaryUserTaxonomyTaxonomy|Y||ETL_Load_Cycle_ID|Y||ETL_Load_Cycle_ID|||
EDW_ExternalData.dbo.vCLMS_FTP_EXCEL_ATHENIUM_GlobalDictionary|Y||ETL_Load_Cycle_ID|Y||ETL_Load_Cycle_ID|||
EDW_ExternalData.dbo.vCLMS_FTP_EXCEL_ATHENIUM_GlobalDictionaryAgreement|Y||ETL_Load_Cycle_ID|Y||ETL_Load_Cycle_ID|||
EDW_ExternalData.dbo.vCLMS_FTP_EXCEL_ATHENIUM_GlobalDictionaryDictionaryUserCutType|Y||ETL_Load_Cycle_ID|Y||ETL_Load_Cycle_ID|||
EDW_ExternalData.dbo.vCLMS_FTP_EXCEL_ATHENIUM_GlobalDictionaryDictionaryUserTagCutType|Y||ETL_Load_Cycle_ID|Y||ETL_Load_Cycle_ID|||
EDW_ExternalData.dbo.vCLMS_FTP_EXCEL_ATHENIUM_GlobalDictionaryDictionaryUserTaxonomyCutType|Y||ETL_Load_Cycle_ID|Y||ETL_Load_Cycle_ID|||
EDW_ExternalData.dbo.vCLMS_FTP_EXCEL_ATHENIUM_GlobalDictionaryType|Y||ETL_Load_Cycle_ID|Y||ETL_Load_Cycle_ID|||
EDW_ExternalData.dbo.vCLMS_FTP_EXCEL_ATHENIUM_GlobalDictionaryTypeKey|Y||ETL_Load_Cycle_ID|Y||ETL_Load_Cycle_ID|||
EDW_ExternalData.dbo.vCLMS_FTP_EXCEL_ATHENIUM_GlobalEnumeration|Y||ETL_Load_Cycle_ID|Y||ETL_Load_Cycle_ID|||
EDW_ExternalData.dbo.vCLMS_FTP_EXCEL_ATHENIUM_GlobalEnumerationMap|Y||ETL_Load_Cycle_ID|Y||ETL_Load_Cycle_ID|||
EDW_ExternalData.dbo.vCLMS_FTP_EXCEL_ATHENIUM_LOB|Y||ETL_Load_Cycle_ID|Y||ETL_Load_Cycle_ID|||
EDW_ExternalData.dbo.vCLMS_FTP_EXCEL_ATHENIUM_Observation|Y||ETL_Load_Cycle_ID|Y||ETL_Load_Cycle_ID|||
EDW_ExternalData.dbo.vCLMS_FTP_EXCEL_ATHENIUM_PlanObjective|Y||ETL_Load_Cycle_ID|Y||ETL_Load_Cycle_ID|||
EDW_ExternalData.dbo.vCLMS_FTP_EXCEL_ATHENIUM_PlanSubject|Y||ETL_Load_Cycle_ID|Y||ETL_Load_Cycle_ID|||
EDW_ExternalData.dbo.vCLMS_FTP_EXCEL_ATHENIUM_PlanUserMembership|Y||ETL_Load_Cycle_ID|Y||ETL_Load_Cycle_ID|||
EDW_ExternalData.dbo.vCLMS_FTP_EXCEL_ATHENIUM_Region|Y||ETL_Load_Cycle_ID|Y||ETL_Load_Cycle_ID|||
EDW_ExternalData.dbo.vCLMS_FTP_EXCEL_ATHENIUM_Role|Y||ETL_Load_Cycle_ID|Y||ETL_Load_Cycle_ID|||
EDW_ExternalData.dbo.vCLMS_FTP_EXCEL_ATHENIUM_Tag|Y||ETL_Load_Cycle_ID|Y||ETL_Load_Cycle_ID|||
EDW_ExternalData.dbo.vCLMS_FTP_EXCEL_ATHENIUM_TagSet|Y||ETL_Load_Cycle_ID|Y||ETL_Load_Cycle_ID|||
EDW_ExternalData.dbo.vCLMS_FTP_EXCEL_ATHENIUM_TagSetMembership|Y||ETL_Load_Cycle_ID|Y||ETL_Load_Cycle_ID|||
EDW_ExternalData.dbo.vCLMS_FTP_EXCEL_ATHENIUM_Taxonomy|Y||ETL_Load_Cycle_ID|Y||ETL_Load_Cycle_ID|||
EDW_ExternalData.dbo.vCLMS_FTP_EXCEL_ATHENIUM_User|Y||ETL_Load_Cycle_ID|Y||ETL_Load_Cycle_ID|||
EDW_ExternalData.dbo.vCLMS_FTP_EXCEL_COPART_SALVAGE|Y||ETL_Load_Cycle_ID|Y||ETL_Load_Cycle_ID|||
EDW_ExternalData.dbo.vCLMS_FTP_EXCEL_CSI_CUSTOMER_SERVICE|Y||ETL_Load_Cycle_ID|Y||ETL_Load_Cycle_ID|||
EDW_ExternalData.dbo.vCLMS_FTP_EXCEL_ENTERPRISE_RENTAL|Y||ETL_Load_Cycle_ID|Y||ETL_Load_Cycle_ID|||
EDW_ExternalData.dbo.vCLMS_FTP_EXCEL_HERTZ_RENTAL|Y||ETL_Load_Cycle_ID|Y||ETL_Load_Cycle_ID|||
EDW_ExternalData.dbo.vCLMS_FTP_TEXT_CCC_TOTAL_LOSS|Y||ETL_Load_Cycle_ID|Y||ETL_Load_Cycle_ID|||
EDW_ExternalData.dbo.EXTRACT_LOAD_CYCLE|Y||CYCLE_END_DTTM|Y||LOAD_CYCLE_ID|||
EDW_ExternalData.dbo.EXTRACT_PROCESS_STATUS|Y||Truncate and Load|TypeList|| |||
EDW_ExternalData.dbo.LGREP_COPY_SBRDIM_BISEGMENT|Y||Truncate and Load|TypeList|| |||
EDW_ExternalData.dbo.LGREP_COPY_SBRDIM_BUSINESS_UNIT_GROUP|Y||Truncate and Load|TypeList|| |||
EDW_ExternalData.dbo.LGREP_COPY_SBRDIM_DATE|Y||Truncate and Load|TypeList|| |||Curation
EDW_ExternalData.dbo.LGREP_COPY_SBRDIM_EXCEPTIONS|Y||Truncate and Load|TypeList|| |||
EDW_ExternalData.dbo.LGREP_COPY_SBRDIM_PRODUCT_GROUP|Y||Truncate and Load|TypeList|| |||
EDW_ExternalData.dbo.LGREP_COPY_SBRDIM_PRODUCT_LINE|Y||Truncate and Load|TypeList|| |||
EDW_ExternalData.dbo.LGREP_COPY_SBRDIM_REGIONSTATE|Y||Truncate and Load|TypeList|| |||
EDW_ExternalData.dbo.LGREP_COPY_SBRDIM_SALES_REGION|Y||Truncate and Load|TypeList|| |||
EDW_ExternalData.dbo.LGREP_COPY_SBRDIM_SYMBOL_LOB|Y||Truncate and Load|TypeList|| |||
EDW_ExternalData.dbo.LGREP_COPY_SBREXT_DPLR_HISTORY|Y||Truncate and Load|TypeList|| |||
EDW_ExternalData.dbo.vLGREP_FTP_EXCEL_CLAIM_TRAN_TYPE|Y||ETL_Load_Cycle_ID|Y||ETL_Load_Cycle_ID|||
EDW_ExternalData.dbo.vLGREP_FTP_EXCEL_MCO|N|||Y|||||
EDW_ExternalData.dbo.vLGREP_FTP_EXCEL_PRODUCT_SEGMENT|N|||Y|||||
EDW_ExternalData.dbo.vLGREP_FTP_EXCEL_REFCODE_SET|N|||Y|||||
EDW_ExternalData.dbo.vLGREP_FTP_EXCEL_REFERENCEDATACONSOLIDATED|Y||ETL_Load_Cycle_ID|Y||ETL_Load_Cycle_ID|||
EDW_ExternalData.dbo.vLGREP_FTP_EXCEL_REFERENCEDATANORMALIZED|Y||ETL_Load_Cycle_ID|Y||ETL_Load_Cycle_ID|||
EDW_ExternalData.dbo.LGREP_RAW_SAPRODMF_RSGTAM|Y||Truncate and Load|TypeList|| |||
EDW_ExternalData.dbo.LGREP_RAW_SAPRODMF_V7GTAM|Y||Truncate and Load|TypeList|| |||
EDW_ExternalData.dbo.PLCY_COPY_ACTWORKDB_VINMASTER|Y||LoadDTS|Y||RawRowID|||
EDW_ExternalData.dbo.PLCY_COPY_SABIR_ISO_TERRITORY_ZIP|Y||dw_load_datetime|Y||Raw_Row_ID|||
EDW_ExternalData.dbo.vLGREP_RS_ACR05A_MAJOR_PERIL|N|||Y|||||
EDW_ExternalData.dbo.vLGREP_RS_COMBINE_PRODUCT_GROUP|N|||Y|||||
EDW_ExternalData.dbo.vLGREP_RS_COMBINE_PRODUCT_GROUP_LOB|N|||Y|||||
EDW_ExternalData.dbo.vLGREP_RS_COMBINE_PRODUCT_GROUP_TYPE|N|||Y|||||
EDW_ExternalData.dbo.vLGREP_RS_COMBINE_PRODUCTLINE|N|||Y|||||
EDW_ExternalData.dbo.vLGREP_RS_D305_ASL|N|||Y|||||
EDW_ExternalData.dbo.vLGREP_RS_D305_PRODUCT_GROUP|N|||Y|||||
EDW_ExternalData.dbo.vLGREP_RS_D305_PRODUCT_GROUP_LOB|N|||Y|||||
EDW_ExternalData.dbo.vLGREP_RS_D305_PRODUCTLINE|N|||Y|||||
EDW_ExternalData.dbo.vLGREP_RS_D328_PRODUCTLINE|N|||Y|||||
EDW_ExternalData.dbo.vLGREP_RS_DPLR_PERMISSIBLE_LOSS_RATIO|N|||Y|||||
EDW_ExternalData.dbo.vLGREP_RS_TS02_STATE|N|||Y|||||
EDW_ExternalData.dbo.vLGREP_RS_YTC01X_AVGRES_TO_ARCHIVE|N|||Y|||||
EDW_ExternalData.dbo.vLGREP_TLIST_AGE_GROUP|N|||Y|||||
EDW_ExternalData.dbo.VLGREP_TLIST_AGENT_TYPE_CODE|N|||Y|||||
EDW_ExternalData.dbo.vLGREP_TLIST_ANNUAL_STAT_LINE|N|||Y|||||
EDW_ExternalData.dbo.vLGREP_TLIST_ASSIGNED_DRIVER|N|||Y|||||
EDW_ExternalData.dbo.vLGREP_TLIST_AUTO_PRIME_DISC|N|||Y|||||
EDW_ExternalData.dbo.vLGREP_TLIST_AUTO_PRIME_IND|N|||Y|||||
EDW_ExternalData.dbo.vLGREP_TLIST_BI_SEGMENT|N|||Y|||||
EDW_ExternalData.dbo.vLGREP_TLIST_BI_SEGMENT_POS1|N|||Y|||||
EDW_ExternalData.dbo.vLGREP_TLIST_BI_SEGMENT_POS2|N|||Y|||||
EDW_ExternalData.dbo.vLGREP_TLIST_BILL_PLAN|N|||Y|||||
EDW_ExternalData.dbo.vLGREP_TLIST_BILLING_CLASS|N|||Y|||||
EDW_ExternalData.dbo.vLGREP_TLIST_BILLING_MODE|N|||Y|||||
EDW_ExternalData.dbo.vLGREP_TLIST_BILLING_TYPE|N|||Y|||||
EDW_ExternalData.dbo.vLGREP_TLIST_BILLNG_METHOD_CODE|N|||Y|||||
EDW_ExternalData.dbo.vLGREP_TLIST_BUSN_ORG_TYPE|N|||Y|||||
EDW_ExternalData.dbo.vLGREP_TLIST_CAUSE_OF_LOSS_CODE|N|||Y|||||
EDW_ExternalData.dbo.vLGREP_TLIST_COMPANY_LINE|N|||Y|||||
EDW_ExternalData.dbo.vLGREP_TLIST_CONSTR_CODE|N|||Y|||||
EDW_ExternalData.dbo.vLGREP_TLIST_COVERAGE_LIMIT|N|||Y|||||
EDW_ExternalData.dbo.vLGREP_TLIST_CREDIT_SCORE|N|||Y|||||
EDW_ExternalData.dbo.vLGREP_TLIST_CUSTOM_FIT_III_STARTUP_DISCOUNT_CODE|N|||Y|||||
EDW_ExternalData.dbo.vLGREP_TLIST_CUSTOM_FIT_LEVEL|N|||Y|||||
EDW_ExternalData.dbo.vLGREP_TLIST_CUSTOM_FIT_PROGRAM|N|||Y|||||
EDW_ExternalData.dbo.vLGREP_TLIST_DEDUCTIBL_TYPE|N|||Y|||||
EDW_ExternalData.dbo.vLGREP_TLIST_DRIVER_ATTRBUTES|N|||Y|||||
EDW_ExternalData.dbo.vLGREP_TLIST_DRIVER_ATTRBUTES_POS123|N|||Y|||||
EDW_ExternalData.dbo.vLGREP_TLIST_DRIVER_ATTRBUTES_POS4|N|||Y|||||
EDW_ExternalData.dbo.vLGREP_TLIST_DWELL_RATING_TERRITORY|N|||Y|||||
EDW_ExternalData.dbo.vLGREP_TLIST_DWELLING_ALARM_CODE|N|||Y|||||
EDW_ExternalData.dbo.vLGREP_TLIST_EARLY_QUOTE_DISC|N|||Y|||||
EDW_ExternalData.dbo.vLGREP_TLIST_EDW_ADVNTAGE_AUTO_DISCOUNT_IND|N|||Y|||||
EDW_ExternalData.dbo.vLGREP_TLIST_EDW_AUTO_HOME_DISCOUNT_CODE|N|||Y|||||
EDW_ExternalData.dbo.vLGREP_TLIST_EDW_MI_GROUP_CODE|N|||Y|||||
EDW_ExternalData.dbo.vLGREP_TLIST_EMPLOYEE_CODE|N|||Y|||||
EDW_ExternalData.dbo.vLGREP_TLIST_ERQK_ZONE|N|||Y|||||
EDW_ExternalData.dbo.vLGREP_TLIST_GENDER_CODE|N|||Y|||||
EDW_ExternalData.dbo.vLGREP_TLIST_HOME_POLICY_TYPE|N|||Y|||||
EDW_ExternalData.dbo.vLGREP_TLIST_HOME_PURCHASE_DISC|N|||Y|||||
EDW_ExternalData.dbo.vLGREP_TLIST_HOME_PURCHASE_DISC_YEAR|N|||Y|||||
EDW_ExternalData.dbo.vLGREP_TLIST_HOUSEHLD_RATING_FACTOR_CODE|N|||Y|||||
EDW_ExternalData.dbo.vLGREP_TLIST_INSURANCE_LINE|N|||Y|||||
EDW_ExternalData.dbo.vLGREP_TLIST_ITV_ORDER_STATUS_CODE|N|||Y|||||
EDW_ExternalData.dbo.vLGREP_TLIST_ITV_STATUS_CODE|N|||Y|||||
EDW_ExternalData.dbo.vLGREP_TLIST_ITV_STATUS_YEAR_CODE|N|||Y|||||
EDW_ExternalData.dbo.VLGREP_TLIST_KIND_CODE|N|||Y|||||
EDW_ExternalData.dbo.vLGREP_TLIST_LEGACY_PROTECTION_CLASS|N|||Y|||||
EDW_ExternalData.dbo.VLGREP_TLIST_LEGACY_SYSTEM_OF_ORIG|N|||Y|||||
EDW_ExternalData.dbo.vLGREP_TLIST_LIAB_PD_COVERAGE_CODE|N|||Y|||||
EDW_ExternalData.dbo.vLGREP_TLIST_LINE_BUSINESS|N|||Y|||||
EDW_ExternalData.dbo.vLGREP_TLIST_LITIG_STATUS_TYPE|N|||Y|||||
EDW_ExternalData.dbo.vLGREP_TLIST_LOSS_PARTY_TYPE|N|||Y|||||
EDW_ExternalData.dbo.vLGREP_TLIST_LOSS_TRANS_CODE|N|||Y|||||
EDW_ExternalData.dbo.vLGREP_TLIST_LOSS_TRANS_EXPENSE_TYPE|N|||Y|||||
EDW_ExternalData.dbo.vLGREP_TLIST_LOSS_TRANS_RCVRY_TYPE|N|||Y|||||
EDW_ExternalData.dbo.vLGREP_TLIST_LOSS_TRANS_RESV_TYPE|N|||Y|||||
EDW_ExternalData.dbo.VLGREP_TLIST_MAJOR_PERIL_CODE|N|||Y|||||
EDW_ExternalData.dbo.VLGREP_TLIST_MAJOR_PERIL_SEQ_CODE|N|||Y|||||
EDW_ExternalData.dbo.vLGREP_TLIST_MARITAL_STATUS|N|||Y|||||
EDW_ExternalData.dbo.vLGREP_TLIST_MASTER_COMPANY|N|||Y|||||
EDW_ExternalData.dbo.vLGREP_TLIST_MULTI_CAR_DISC_OVERRIDE|N|||Y|||||
EDW_ExternalData.dbo.vLGREP_TLIST_NON_OPTIONS_ESTATES_COVERAGE_CODE|N|||Y|||||
EDW_ExternalData.dbo.vLGREP_TLIST_PAID_IN_FULL_CODE|N|||Y|||||
EDW_ExternalData.dbo.vLGREP_TLIST_PAY_PLAN|N|||Y|||||
EDW_ExternalData.dbo.vLGREP_TLIST_PERFORM_TYPE|N|||Y|||||
EDW_ExternalData.dbo.vLGREP_TLIST_PERIL_RATING_IND|N|||Y|||||
EDW_ExternalData.dbo.vLGREP_TLIST_PIF_REVIEW_CODE|N|||Y|||||
EDW_ExternalData.dbo.vLGREP_TLIST_PIF_RISK_GRADE_GUIDE|N|||Y|||||
EDW_ExternalData.dbo.vLGREP_TLIST_PIF_RISK_GRADE_UNDWR|N|||Y|||||
EDW_ExternalData.dbo.vLGREP_TLIST_PLACE_CODE|N|||Y|||||
EDW_ExternalData.dbo.VLGREP_TLIST_PM_EXPOSURE_CODE|N|||Y|||||
EDW_ExternalData.dbo.VLGREP_TLIST_PM_PRIME_OF_LIFE|N|||Y|||||
EDW_ExternalData.dbo.VLGREP_TLIST_PM_RENWL_SRC_CODE|N|||Y|||||
EDW_ExternalData.dbo.VLGREP_TLIST_PM_SPECIAL_USE_PIF_A|N|||Y|||||
EDW_ExternalData.dbo.vLGREP_TLIST_POLICY_COMPANY|N|||Y|||||
EDW_ExternalData.dbo.vLGREP_TLIST_POLICY_CONTACT_ROLE|N|||Y|||||
EDW_ExternalData.dbo.vLGREP_TLIST_POLICY_FORM|N|||Y|||||
EDW_ExternalData.dbo.vLGREP_TLIST_POLICY_SYMBOL|N|||Y|||||
EDW_ExternalData.dbo.vLGREP_TLIST_POLICY_TERM|N|||Y|||||
EDW_ExternalData.dbo.VLGREP_TLIST_POLICY_TYPE|N|||Y|||||
EDW_ExternalData.dbo.VLGREP_TLIST_PREMIUM_AUTO_HOME_CODE|N|||Y|||||
EDW_ExternalData.dbo.VLGREP_TLIST_PREMIUM_FINANCE|N|||Y|||||
EDW_ExternalData.dbo.VLGREP_TLIST_PREMIUM_TRANS_CODE|N|||Y|||||
EDW_ExternalData.dbo.vLGREP_TLIST_PRIMARY_DWELLING_CODE|N|||Y|||||
EDW_ExternalData.dbo.vLGREP_TLIST_PRIME_OF_LIFE_CODE|N|||Y|||||
EDW_ExternalData.dbo.vLGREP_TLIST_PRIOR_CARRIER_TYPE|N|||Y|||||
EDW_ExternalData.dbo.vLGREP_TLIST_PRODUCT_LINE|N|||Y|||||
EDW_ExternalData.dbo.vLGREP_TLIST_PRODUCT_LINE_GROUP_TYPE|N|||Y|||||
EDW_ExternalData.dbo.vLGREP_TLIST_PRODUCT_LINE_LOB_TYPE|N|||Y|||||
EDW_ExternalData.dbo.vLGREP_TLIST_RENW_POLICY_SYMBOL|N|||Y|||||
EDW_ExternalData.dbo.vLGREP_TLIST_RENWL_CODE|N|||Y|||||
EDW_ExternalData.dbo.vLGREP_TLIST_RENWL_SRC_CODE|N|||Y|||||
EDW_ExternalData.dbo.VLGREP_TLIST_RISK_UNIT_GROUP_CODE|N|||Y|||||
EDW_ExternalData.dbo.VLGREP_TLIST_RISK_UNIT_GROUP_MEMBER_CODE|N|||Y|||||
EDW_ExternalData.dbo.vLGREP_TLIST_ROOF_DISCOUNT|N|||Y|||||
EDW_ExternalData.dbo.vLGREP_TLIST_SALES_REGION|N|||Y|||||
EDW_ExternalData.dbo.VLGREP_TLIST_SAR_LOC|N|||Y|||||
EDW_ExternalData.dbo.VLGREP_TLIST_SAR_SUB_LOC|N|||Y|||||
EDW_ExternalData.dbo.vLGREP_TLIST_SRC_AUTO_HOME_IND|N|||Y|||||
EDW_ExternalData.dbo.vLGREP_TLIST_SRC_MVR_REPORT_YEAR|N|||Y|||||
EDW_ExternalData.dbo.vLGREP_TLIST_SRC_SPECIAL_USE_B_POS7|N|||Y|||||
EDW_ExternalData.dbo.vLGREP_TLIST_STATE|N|||Y|||||
EDW_ExternalData.dbo.VLGREP_TLIST_TAX_LOC_CODE|N|||Y|||||
EDW_ExternalData.dbo.vLGREP_TLIST_TERSM_CODE|N|||Y|||||
EDW_ExternalData.dbo.VLGREP_TLIST_TREATY_NUMBER_CODE|N|||Y|||||
EDW_ExternalData.dbo.VLGREP_TLIST_TYPE_BUREAU_CODE|N|||Y|||||
EDW_ExternalData.dbo.vLGREP_TLIST_UN_INSURED_MOTRST_PROP_DAMAGE_COV_IND|N|||Y|||||
EDW_ExternalData.dbo.vLGREP_TLIST_UNDER_INSURED_MOTRST_PROP_DAMAGE_COV_IND|N|||Y|||||
EDW_ExternalData.dbo.vLGREP_TLIST_VEHICLE_RATING_CLASS|N|||Y|||||
EDW_ExternalData.dbo.vLGREP_TLIST_VEHICLE_RATING_CLASS_POS123|N|||Y|||||
EDW_ExternalData.dbo.vLGREP_TLIST_VEHICLE_RATING_CLASS_POS2|N|||Y|||||
EDW_ExternalData.dbo.vLGREP_TLIST_VEHICLE_RATING_CLASS_POS4|N|||Y|||||
EDW_ExternalData.dbo.vLGREP_TLIST_VEHICLE_RATING_CLASS_POS5|N|||Y|||||
EDW_ExternalData.dbo.vLGREP_TLIST_VEHICLE_RATING_CLASS_POS56|N|||Y|||||
EDW_ExternalData.dbo.vLGREP_TLIST_VEHICLE_RATING_CLASS_POS6|N|||Y|||||
EDW_ExternalData.dbo.vLGREP_TLIST_VHCL_CLASS_SYMBOL_CODE|N|||Y|||||
EDW_ExternalData.dbo.vLGREP_TLIST_VHCL_COLLISON_SYMBOL_CODE|N|||Y|||||
EDW_ExternalData.dbo.vLGREP_TLIST_VHCL_LIAB_SYMBOL_CODE|N|||Y|||||
EDW_ExternalData.dbo.vLGREP_TLIST_VHCL_MED_PAY_PIP_SYMBOL_CODE|N|||Y|||||
EDW_ExternalData.dbo.vLGREP_TLIST_VHCL_RATING_TERRITORY|N|||Y|||||
EDW_ExternalData.dbo.vLGREP_TLIST_VHCL_TYPE|N|||Y|||||
EDW_ExternalData.dbo.vLGREP_TLIST_VHCL_USE_CODE|N|||Y|||||
EDW_ExternalData.dbo.vLGREP_TLIST_WIND_HAIL_DEDUCTIBL_AMT|N|||Y|||||
EDW_ExternalData.dbo.vLGREP_TLIST_WIND_HAIL_EXCL_CODE|N|||Y|||||
EDW_ExternalData.dbo.vLGREP_V7_TM517C_RISK_UNIT_GROUP|N|||Y|||||
EDW_ExternalData.dbo.vPCRATEWS_FTP_EXCEL_BP7ALL|N|||Y|||||
EDW_ExternalData.dbo.vPCRATEWS_FTP_EXCEL_BP7BUILD|N|||Y|||||
EDW_ExternalData.dbo.vPCRATEWS_FTP_EXCEL_BP7CLASS|N|||Y|||||
EDW_ExternalData.dbo.vPCRATEWS_FTP_EXCEL_BP7LINE|N|||Y|||||
EDW_ExternalData.dbo.vPCRATEWS_FTP_EXCEL_BP7LOC|N|||Y|||||
EDW_ExternalData.dbo.vPCRATEWS_FTP_EXCEL_BP7OTHR|N|||Y|||||
EDW_ExternalData.dbo.vPCRATEWS_FTP_EXCEL_CA7ALL|N|||Y|||||
EDW_ExternalData.dbo.vPCRATEWS_FTP_EXCEL_CA7GAR|N|||Y|||||
EDW_ExternalData.dbo.vPCRATEWS_FTP_EXCEL_CA7LINE|N|||Y|||||
EDW_ExternalData.dbo.vPCRATEWS_FTP_EXCEL_CA7NMDIND|N|||Y|||||
EDW_ExternalData.dbo.vPCRATEWS_FTP_EXCEL_CA7OTHR|N|||Y|||||
EDW_ExternalData.dbo.vPCRATEWS_FTP_EXCEL_CA7VEH|N|||Y|||||
EDW_ExternalData.dbo.vPCRATEWS_FTP_EXCEL_COVERAGE|N|||Y|||||
EDW_ExternalData.dbo.vPCRATEWS_FTP_EXCEL_DRIVER|N|||Y|||||
EDW_ExternalData.dbo.vPCRATEWS_FTP_EXCEL_VEHICLE|N|||Y|||||
EDW_ExternalData.dbo.vPLCY_FTP_EXCEL_ASL|N|||Y|||||
EDW_ExternalData.dbo.vPLCY_FTP_EXCEL_AVGRESVEXCLCOVGWPC|N|||Y|||||
EDW_ExternalData.dbo.vPLCY_FTP_EXCEL_BCTRANSCAT|Y||ETL_Load_Cycle_ID|Y||ETL_Load_Cycle_ID|||
EDW_ExternalData.dbo.vPLCY_FTP_EXCEL_CLMSTATUSJRNY_COV|N|||Y|||||
EDW_ExternalData.dbo.vPLCY_FTP_EXCEL_COVGEXCPTN_CODES|N|||Y|||||
EDW_ExternalData.dbo.vPLCY_FTP_EXCEL_GW_NAIC_MCO|N|||Y|||||
EDW_ExternalData.dbo.vPLCY_FTP_EXCEL_GW_RANGE_VALUES|N|||Y|||||
EDW_ExternalData.dbo.vPLCY_FTP_EXCEL_IRPM_COV|N|||Y|||||
EDW_ExternalData.dbo.vPLCY_FTP_EXCEL_LMC_EXPENSE_TYPE|N|||Y|||||
EDW_ExternalData.dbo.vPLCY_FTP_EXCEL_MERGECOVGWPC|N|||Y|||||
EDW_ExternalData.dbo.vPLCY_FTP_EXCEL_NAICS_CODES|N|||Y|||||
EDW_ExternalData.dbo.vPLCY_FTP_EXCEL_PRODUCTSEGMENTATION|N|||Y|||||
EDW_ExternalData.dbo.vPLCY_FTP_EXCEL_PTILZIP|N|||Y|||||
EDW_ExternalData.dbo.vPLCY_FTP_EXCEL_QA|N|||Y|||||
EDW_ExternalData.dbo.vPLCY_FTP_EXCEL_RANGE_VALUES|N|||Y|||||
EDW_ExternalData.dbo.vPLCY_FTP_EXCEL_TLIST_STATE|N|||Y|||||
EDW_ExternalData.dbo.vPLRATER_FTP_EXCEL|Y||ETL_Load_Cycle_ID|Y||ETL_Load_Cycle_ID|||
EDW_ExternalData.dbo.vQPA_FTP_EXCEL_ACTUAL_PAYOUT|Y||ETL_Load_Cycle_ID|Y||ETL_Load_Cycle_ID|||
EDW_ExternalData.dbo.vQPA_FTP_EXCEL_CONT_COMM_ALT_PLAN|Y||ETL_Load_Cycle_ID|Y||ETL_Load_Cycle_ID|||
EDW_ExternalData.dbo.vQPA_FTP_EXCEL_INCNTV_ADJMNT|Y||ETL_Load_Cycle_ID|Y||ETL_Load_Cycle_ID|||
EDW_ExternalData.dbo.vQPA_FTP_EXCEL_INCNTVDEF|Y||ETL_Load_Cycle_ID|Y||ETL_Load_Cycle_ID|||
EDW_ExternalData.dbo.vQPA_FTP_EXCEL_INCNTVPAYOUT|Y||ETL_Load_Cycle_ID|Y||ETL_Load_Cycle_ID|||
EDW_ExternalData.dbo.vQPA_FTP_EXCEL_INCNTVPAYOUTELGBL|Y||ETL_Load_Cycle_ID|Y||ETL_Load_Cycle_ID|||
EDW_ExternalData.dbo.vQPA_FTP_EXCEL_INCNTVREF|Y||ETL_Load_Cycle_ID|Y||ETL_Load_Cycle_ID|||
EDW_ExternalData.dbo.vQPA_FTP_EXCEL_LGCYLOBEBL|Y||ETL_Load_Cycle_ID|Y||ETL_Load_Cycle_ID|||
EDW_ExternalData.dbo.vSALES_FTP_EXCEL_PLANDATA|N|||Y|||||
EDW_ExternalData.dbo.vSALES_FTP_EXCEL_PLANDATA_PVT|N|||Y|||||
EDW_ExternalData.dbo.vSYMBLTY_FTP_EXCEL_Assignments|Y||ETL_Load_Cycle_ID|Y||ETL_Load_Cycle_ID|||
EDW_ExternalData.dbo.vSYMBLTY_FTP_EXCEL_ClaimCoverages|Y||ETL_Load_Cycle_ID|Y||ETL_Load_Cycle_ID|||
EDW_ExternalData.dbo.vSYMBLTY_FTP_EXCEL_ClaimDiagrams|Y||ETL_Load_Cycle_ID|Y||ETL_Load_Cycle_ID|||
EDW_ExternalData.dbo.vSYMBLTY_FTP_EXCEL_Claims|Y||ETL_Load_Cycle_ID|Y||ETL_Load_Cycle_ID|||
EDW_ExternalData.dbo.vSYMBLTY_FTP_EXCEL_ClaimUsers|Y||ETL_Load_Cycle_ID|Y||ETL_Load_Cycle_ID|||
EDW_ExternalData.dbo.vSYMBLTY_FTP_EXCEL_CustomFields|Y||ETL_Load_Cycle_ID|Y||ETL_Load_Cycle_ID|||
EDW_ExternalData.dbo.vSYMBLTY_FTP_EXCEL_EstimateItemNotes|Y||ETL_Load_Cycle_ID|Y||ETL_Load_Cycle_ID|||
EDW_ExternalData.dbo.vSYMBLTY_FTP_EXCEL_EstimateItems|Y||ETL_Load_Cycle_ID|Y||ETL_Load_Cycle_ID|||
EDW_ExternalData.dbo.vSYMBLTY_FTP_EXCEL_Estimates|Y||ETL_Load_Cycle_ID|Y||ETL_Load_Cycle_ID|||
EDW_ExternalData.dbo.vSYMBLTY_FTP_EXCEL_EstimateUsers|Y||ETL_Load_Cycle_ID|Y||ETL_Load_Cycle_ID|||
EDW_ExternalData.dbo.vSYMBLTY_FTP_EXCEL_JournalEntries|Y||ETL_Load_Cycle_ID|Y||ETL_Load_Cycle_ID|||
EDW_ExternalData.dbo.vSYMBLTY_FTP_EXCEL_MinimumCharges|Y||ETL_Load_Cycle_ID|Y||ETL_Load_Cycle_ID|||
EDW_ExternalData.dbo.vSYMBLTY_FTP_EXCEL_PurchasingAdjustments|Y||ETL_Load_Cycle_ID|Y||ETL_Load_Cycle_ID|||
EDW_ExternalData.dbo.vSYMBLTY_FTP_EXCEL_Tasks|Y||ETL_Load_Cycle_ID|Y||ETL_Load_Cycle_ID|||
EDW_ExternalData.dbo.vSYMBLTY_FTP_EXCEL_TaskUsers|Y||ETL_Load_Cycle_ID|Y||ETL_Load_Cycle_ID|||
EDW_ExternalData.dbo.vWORKDAY_SRC_WRKDYLGCY_COMM_DATA|N|||Y|||||
EDW_ExternalData.dbo.vWORKDAY_SRC_WRKDYLGCY_LOSS_DATA|N|||Y|||||
EDW_ExternalData.dbo.vWORKDAY_SRC_WRKDYLGCY_POLICY_FEES_DATA|N|||Y|||||
EDW_ExternalData.dbo.vWORKDAY_SRC_WRKDYLGCY_PREM_DATA|N|||Y|||||
